titles,urls,post_date
Audio long read: The controversial embryo tests that promise a better baby,https://www.nature.com/articles/d41586-022-03295-2,04 NOV 2022
How Musk’s takeover might change Twitter: what researchers think,https://www.nature.com/articles/d41586-022-03552-4,04 NOV 2022
"As COP27 kicks off, Egypt warns wealthy nations against 'backsliding'",https://www.nature.com/articles/d41586-022-03585-9,04 NOV 2022
eLife won’t reject papers once they are under review — what researchers think,https://www.nature.com/articles/d41586-022-03534-6,03 NOV 2022
What’s the carbon footprint of a Higgs boson? It varies — a lot,https://www.nature.com/articles/d41586-022-03551-5,03 NOV 2022
COP27 climate summit: what scientists are watching,https://www.nature.com/articles/d41586-022-03521-x,03 NOV 2022
Gender quotas and no-fishing zones,https://www.nature.com/articles/d41586-022-03476-z,02 NOV 2022
"Flies can move their rigid, omnidirectional eyes — a little",https://www.nature.com/articles/d41586-022-03555-1,02 NOV 2022
The shape-shifting blobs that shook up cell biology,https://www.nature.com/articles/d41586-022-03477-y,02 NOV 2022
COVID vaccine hoarding might have cost more than a million lives,https://www.nature.com/articles/d41586-022-03529-3,02 NOV 2022
Resistant mosquito threatens Africa’s fight against malaria,https://www.nature.com/articles/d41586-022-03540-8,02 NOV 2022
"COVID variants to watch, and more — this week’s best science graphics",https://www.nature.com/articles/d41586-022-03533-7,01 NOV 2022
AlphaFold’s new rival? Meta AI predicts shape of 600 million proteins,https://www.nature.com/articles/d41586-022-03539-1,01 NOV 2022
Could a nose spray a day keep COVID away?,https://www.nature.com/articles/d41586-022-03341-z,31 OCT 2022
Brazil election: Scientists cheer Lula victory over Bolsonaro,https://www.nature.com/articles/d41586-022-03523-9,31 OCT 2022
US Supreme Court poised to ban affirmative action in university admissions,https://www.nature.com/articles/d41586-022-03470-5,28 OCT 2022
Racism in Health: the harms of biased medicine,https://www.nature.com/articles/d41586-022-03325-z,28 OCT 2022
COVID ‘variant soup’ is making winter surges hard to predict,https://www.nature.com/articles/d41586-022-03445-6,28 OCT 2022
China’s space station is almost complete — how will scientists use it?,https://www.nature.com/articles/d41586-022-03462-5,28 OCT 2022
NASA spacecraft records epic ‘marsquakes’ as it prepares to die,https://www.nature.com/articles/d41586-022-03447-4,27 OCT 2022
What Xi Jinping’s third term means for science,https://www.nature.com/articles/d41586-022-03414-z,27 OCT 2022
The Middle East is going green — while supplying oil to others,https://www.nature.com/articles/d41586-022-03346-8,27 OCT 2022
Ancient DNA reveals family of Neanderthals living in Siberian cave,https://www.nature.com/articles/d41586-022-03460-7,26 OCT 2022
"Volcano charges, Omicron boosters and wandering elephants",https://www.nature.com/articles/d41586-022-03391-3,26 OCT 2022
"Grad students’ long overtime , and more — this week’s best science graphics",https://www.nature.com/articles/d41586-022-03419-8,26 OCT 2022
Indian scientists shocked as government scraps nearly 300 awards,https://www.nature.com/articles/d41586-022-03286-3,26 OCT 2022
Cancer drugs are closing in on some of the deadliest mutations,https://www.nature.com/articles/d41586-022-03392-2,25 OCT 2022
Deforestation slowed last year — but not enough to meet climate goals,https://www.nature.com/articles/d41586-022-03372-6,24 OCT 2022
COVID research is free to access — but for how long?,https://www.nature.com/articles/d41586-022-03418-9,24 OCT 2022
Why is bird flu so bad right now?,https://www.nature.com/articles/d41586-022-03322-2,21 OCT 2022
Dozens of papers co-authored by Nobel laureate raise concerns,https://www.nature.com/articles/d41586-022-03032-9,21 OCT 2022
Which COVID studies pose a biohazard? Lack of clarity hampers research,https://www.nature.com/articles/d41586-022-03344-w,21 OCT 2022
Nord Stream blasts spark concern over chemical-weapons contamination,https://www.nature.com/articles/d41586-022-03363-7,21 OCT 2022
Tuna catch rates soared after creation of no-fishing zone in Hawaii,https://www.nature.com/articles/d41586-022-03352-w,20 OCT 2022
"Asteroid diversion, economics Nobel and recycling plastics",https://www.nature.com/articles/d41586-022-03249-8,19 OCT 2022
Computer science has a racism problem: these researchers want to fix it,https://www.nature.com/articles/d41586-022-03251-0,19 OCT 2022
The geoscientist fighting for universities to confront systemic racism,https://www.nature.com/articles/d41586-022-03265-8,19 OCT 2022
‘I was treated as if I was dirty’: a paediatrician decries racism against African scientists,https://www.nature.com/articles/d41586-022-03266-7,19 OCT 2022
‘It’s a constant hum’: a planetary geologist calls out racism in academia,https://www.nature.com/articles/d41586-022-03250-1,19 OCT 2022
The first Indigenous female surgeon in Canada is battling for health justice,https://www.nature.com/articles/d41586-022-03264-9,19 OCT 2022
‘There’s no space for us’: an Indigenous-health researcher battles racism in Australia,https://www.nature.com/articles/d41586-022-03267-6,19 OCT 2022
"How monkeypox is spreading, and more — this week’s best science graphics",https://www.nature.com/articles/d41586-022-03315-1,19 OCT 2022
Asian elephants mostly roam outside protected areas — and it’s a problem,https://www.nature.com/articles/d41586-022-03318-y,19 OCT 2022
First known Neanderthal family discovered in Siberian cave,https://www.nature.com/articles/d41586-022-03339-7,19 OCT 2022
Orangutan genome mix-up muddies conservation efforts,https://www.nature.com/articles/d41586-022-03193-7,19 OCT 2022
Bubonic plague left lingering scars on the human genome,https://www.nature.com/articles/d41586-022-03298-z,19 OCT 2022
Invasive plant species carry legacy of colonialism,https://www.nature.com/articles/d41586-022-03306-2,18 OCT 2022
First known map of night sky found hidden in Medieval parchment,https://www.nature.com/articles/d41586-022-03296-1,18 OCT 2022
Chinese team syncs clocks over record distance using lasers,https://www.nature.com/articles/d41586-022-03297-0,18 OCT 2022
COVID derailed polar research projects. Here’s how students have coped,https://www.nature.com/articles/d41586-022-03236-z,18 OCT 2022
